{
  "Total" : {
    "transaction" : "Total",
    "sampleCount" : 6000,
    "errorCount" : 1415,
    "errorPct" : 23.583334,
    "meanResTime" : 2697.654166666672,
    "medianResTime" : 1044.5,
    "minResTime" : 0.0,
    "maxResTime" : 41482.0,
    "pct1ResTime" : 6543.900000000001,
    "pct2ResTime" : 8848.9,
    "pct3ResTime" : 15079.399999999987,
    "throughput" : 138.7860843819393,
    "receivedKBytesPerSec" : 1229.1361867366766,
    "sentKBytesPerSec" : 11.910552187904793
  },
  "HTTP Request" : {
    "transaction" : "HTTP Request",
    "sampleCount" : 6000,
    "errorCount" : 1415,
    "errorPct" : 23.583334,
    "meanResTime" : 2697.654166666672,
    "medianResTime" : 1044.5,
    "minResTime" : 0.0,
    "maxResTime" : 41482.0,
    "pct1ResTime" : 6543.900000000001,
    "pct2ResTime" : 8848.9,
    "pct3ResTime" : 15079.399999999987,
    "throughput" : 138.7860843819393,
    "receivedKBytesPerSec" : 1229.1361867366766,
    "sentKBytesPerSec" : 11.910552187904793
  }
}